name,city,state,country
Gulshan,Dhaka,Dhaka,Bangladesh
Banani,Dhaka,Dhaka,Bangladesh
Dhanmondi,Dhaka,Dhaka,Bangladesh
Uttara,Dhaka,Dhaka,Bangladesh
Mirpur,Dhaka,Dhaka,Bangladesh
Mohammadpur,Dhaka,Dhaka,Bangladesh
Motijheel,Dhaka,Dhaka,Bangladesh
Bashundhara,Dhaka,Dhaka,Bangladesh
Farmgate,Dhaka,Dhaka,Bangladesh
Tejgaon,Dhaka,Dhaka,Bangladesh
Paltan,Dhaka,Dhaka,Bangladesh
Old Dhaka,Dhaka,Dhaka,Bangladesh
Agrabad,Chattogram,Chattogram,Bangladesh
Pahartali,Chattogram,Chattogram,Bangladesh
Nasirabad,Chattogram,Chattogram,Bangladesh
Kotwali,Chattogram,Chattogram,Bangladesh
Zindabazar,Sylhet,Sylhet,Bangladesh
Amberkhana,Sylhet,Sylhet,Bangladesh
Shibganj,Sylhet,Sylhet,Bangladesh
Kazir Bazar,Sylhet,Sylhet,Bangladesh
Boyra,Khulna,Khulna,Bangladesh
Sonadanga,Khulna,Khulna,Bangladesh
Khalishpur,Khulna,Khulna,Bangladesh
Rajpara,Rajshahi,Rajshahi,Bangladesh
Uposhohor,Rajshahi,Rajshahi,Bangladesh
Kandirpar,Cumilla,Chattogram,Bangladesh
Laksam,Cumilla,Chattogram,Bangladesh
Chashara,Narayanganj,Dhaka,Bangladesh
Savar,Dhaka,Dhaka,Bangladesh
Gazipur City,Gazipur,Dhaka,Bangladesh
